CREATE DATABASE  IF NOT EXISTS `calculadora` /*!40100 DEFAULT CHARACTER SET utf8mb4 COLLATE utf8mb4_0900_ai_ci */ /*!80016 DEFAULT ENCRYPTION='N' */;
USE `calculadora`;
-- MySQL dump 10.13  Distrib 8.0.28, for Win64 (x86_64)
--
-- Host: 127.0.0.1    Database: calculadora
-- ------------------------------------------------------
-- Server version	8.0.28

/*!40101 SET @OLD_CHARACTER_SET_CLIENT=@@CHARACTER_SET_CLIENT */;
/*!40101 SET @OLD_CHARACTER_SET_RESULTS=@@CHARACTER_SET_RESULTS */;
/*!40101 SET @OLD_COLLATION_CONNECTION=@@COLLATION_CONNECTION */;
/*!50503 SET NAMES utf8 */;
/*!40103 SET @OLD_TIME_ZONE=@@TIME_ZONE */;
/*!40103 SET TIME_ZONE='+00:00' */;
/*!40014 SET @OLD_UNIQUE_CHECKS=@@UNIQUE_CHECKS, UNIQUE_CHECKS=0 */;
/*!40014 SET @OLD_FOREIGN_KEY_CHECKS=@@FOREIGN_KEY_CHECKS, FOREIGN_KEY_CHECKS=0 */;
/*!40101 SET @OLD_SQL_MODE=@@SQL_MODE, SQL_MODE='NO_AUTO_VALUE_ON_ZERO' */;
/*!40111 SET @OLD_SQL_NOTES=@@SQL_NOTES, SQL_NOTES=0 */;

--
-- Table structure for table `metabolitos`
--

DROP TABLE IF EXISTS `metabolitos`;
/*!40101 SET @saved_cs_client     = @@character_set_client */;
/*!50503 SET character_set_client = utf8mb4 */;
CREATE TABLE `metabolitos` (
  `idpaciente` varchar(45) NOT NULL,
  `3HC_O_Gluc` float DEFAULT NULL,
  `Cotinine_N_Gluc` float DEFAULT NULL,
  `3HC` float DEFAULT NULL,
  `Cotinine` float DEFAULT NULL,
  `Nicotine` float DEFAULT NULL,
  `Nicotine_N_Gluc` float DEFAULT NULL,
  `4HPBA` float DEFAULT NULL,
  `Cotinine_oxide` float DEFAULT NULL,
  `Nicotine_N_oxide` float DEFAULT NULL,
  PRIMARY KEY (`idpaciente`),
  UNIQUE KEY `idpaciente_UNIQUE` (`idpaciente`),
  CONSTRAINT `paciente_metabolitos` FOREIGN KEY (`idpaciente`) REFERENCES `paciente_avanzado` (`idpaciente`) ON DELETE CASCADE ON UPDATE CASCADE
) ENGINE=InnoDB DEFAULT CHARSET=utf8mb4 COLLATE=utf8mb4_0900_ai_ci;
/*!40101 SET character_set_client = @saved_cs_client */;

--
-- Dumping data for table `metabolitos`
--

LOCK TABLES `metabolitos` WRITE;
/*!40000 ALTER TABLE `metabolitos` DISABLE KEYS */;
INSERT INTO `metabolitos` VALUES ('1',7.14829,7.77567,3.04183,1.34791,0.106084,0.769962,0.181559,0.703422,0.137072),('10',1.91262,2.91262,1.15534,0.566019,0.0932039,0.215534,0.0805825,0.246602,0.0367961),('102662243596486368475',1,1,1,1,1,1,1,1,1),('108220895108372622378',1,1,1,1,1,0,0,0,0),('108734174590722974762',1,0,0,0,1,0,0,0,0),('11',9.48864,14.4602,7.07386,4.85795,1.63636,2.57955,1.26705,1.98295,1.26136),('114611673768381724295',3,2,0.2,0.4,0.1,0.1,0,0,0),('117682244230891525629',0.3,0.2,1,0.5,0.2,0.2,0.01,2,3),('12',5.97122,7.98561,4.02878,3.53957,3.07194,1.73741,1.29137,1.17626,0.942446),('13',2.86806,5.70833,2.25,1.15278,0.113194,0.770833,0.26875,0.645833,0.466667),('14',10.5556,6.59722,4.79167,5.90278,3.43056,1.62847,1.32986,1.19792,0.940972),('15',0.645043,0.713586,0.631579,0.252142,0.080661,0.197062,0.130967,0.0998776,0.0697674),('16',6.36364,10,3.80165,4.71074,5.70248,2.19559,1.16253,1.27273,1.71625),('17',0.0628415,0.141894,0.056102,0.129873,0.477231,0.0442623,0.0770492,0.0213115,0.0826958),('18',14.6787,6.36546,8.63454,4.61847,3.13253,1.25502,1.5241,2.00803,1.03012),('19',7.40688,4.92837,2.80802,2.46418,1.22493,0.845272,0.924069,0.816619,1.19914),('2',5.11538,10.0769,3.84615,4.96154,10.1154,2.16154,1.75769,1.29231,1.59615),('20',0.271787,0.444609,0.335303,0.221566,0.0567208,0.088774,0.0357459,0.0810931,0.0451994),('21',0.0480084,0.480084,0.0890985,0.10587,0.0134591,0.0566038,0.0264151,0.029979,0.0120545),('22',1.0082,0.831967,0.901639,0.651639,0.0508197,0.145902,0.0733607,0.220082,0.0128279),('23',6.99405,2.64583,6.69643,2.80952,1.70536,0.449405,0.806548,1.17262,1.14583),('24',9.89262,2.92617,4.21477,3.2349,0.181208,0.491275,0.354362,0.927517,0.303356),('25',1.5279,0.125322,1.3691,1.46352,0.0815451,0.0832618,0.184979,0.300429,0.157511),('26',1.8303,2.82727,0.918182,0.506061,0.0221515,0.235152,0.0966667,0.19303,0.0572727),('27',1.53219,0.751073,0.811159,0.304721,0.013133,0.104506,0.285408,0.143133,0.164378),('28',4.00749,0.0160674,1.86142,0.756554,0.0103371,0.040824,0.33633,0.322846,0.1397),('29',2.7027,0.605856,1.81982,2.95045,0.0662162,0.147973,0.52027,0.632883,0.693694),('3',6.12903,5.03226,5.19355,4.22581,3.32258,0.6,0.745161,0.909677,0.286774),('30',3.71264,1.83908,2.32759,0.83908,0.36954,0.193103,0.787356,0.263218,0.156897),('31',0.875969,0.914729,0.25814,1.32558,0.141085,0.251163,0.0651938,0.145736,0.181395),('32',4.61859,0.0603329,3.31484,1.70596,0.195562,0.0522885,0.385576,0.572816,0.192788),('33',0.472381,0.0645714,0.25619,0.318095,0.0159048,0.0796191,0.11619,0.0961905,0.0990476),('34',0.24898,0.363265,0.155102,0.203469,0.0194694,0.0669388,0.0389796,0.0402041,0.0430612),('35',0.153222,0.459459,0.232848,0.204158,0.0129938,0.0411642,0.0316008,0.0405405,0.0156549),('36',1.82865,0.879214,1.17135,0.245787,0.0171067,0.0640449,0.15927,0.146348,0.0325843),('37',1.34691,2.06637,0.767722,1.00754,0.019457,0.20362,0.167421,0.158371,0.126094),('38',3.68376,0.17735,1.84615,2.19231,0.277778,0.0534188,0.747863,0.465812,0.504273),('39',1.48113,0.774528,1,0.932076,0.039434,0.0737736,0.195283,0.240566,0.171698),('4',16.4706,19.1176,9.85294,10.4779,1.08456,3.97059,1.70221,1.90809,2.04044),('40',0.525439,0.246491,0.408772,0.151754,0.012807,0.0221053,0.0410526,0.084386,0.0214912),('41',0.789074,0.403642,0.306525,0.177542,0.061912,0.0562974,0.0590288,0.0722307,0.0326252),('42',1.73077,5.02262,1.21041,1.75339,1.38009,1.04072,0.486425,0.390271,0.675339),('43',1.37684,1.07504,1.11419,1.2186,0.0479608,0.23491,0.429038,0.386623,0.822186),('44',4.39,0.235,1.63,0.923,0.672,0.0901,0.951,0.44,0.464),('45',1.57062,1.72881,1.02712,0.463277,0.0309605,0.374011,0.167232,0.239548,0.244068),('46',0.0636792,0.0143868,0.0291274,0.00587264,0.00620283,0.0126179,0.0121462,0.00785377,0.00215802),('47',21.1704,4.95697,8.72633,1.1463,0.986231,0.635112,1.23064,1.84165,1.13253),('48',2.36218,1.17949,1.52564,1.04487,0.660256,0.294872,0.342949,0.333333,0.252564),('49',0.382286,5.30857,0.358286,2.34286,8.97143,5.4,0.605714,0.484571,1.70857),('5',10.4839,7.37097,6.12097,1.83871,0.168548,0.583871,0.496774,1.45161,0.375),('50',0.745875,1.9703,0.656766,0.432343,0.0643564,0.0732673,0.137294,0.165017,0.0782178),('51',0.744076,0.900474,0.459242,0.952607,1.12322,0.291469,0.299052,0.149289,0.540284),('52',1.71545,0.777236,0.717073,1.44715,1.21951,0.319512,0.408943,0.331707,0.581301),('53',0.344615,0.781538,0.132308,0.138462,0.00403077,0.155077,0.0151077,0.0636923,0.0302769),('54',0.877419,0.980645,0.427742,0.132258,0.0135484,0.28129,0.0474194,0.110323,0.0211613),('55',7.34328,9.47761,5.91791,1.68657,12.0896,1.66418,2.46269,1.1791,1.40299),('56',5.68712,2.90798,3.30675,1.79755,0.188957,0.393865,0.858896,0.420859,0.276074),('57',3.42157,0.362745,1.53922,0.286275,0.797059,0.0920588,0.3,0.242157,0.202941),('58',1.02747,2.71062,1.1685,1.14103,1.0293,0.549451,0.587912,0.28022,0.514652),('59',0.127557,0.28267,0.191761,0.090483,0.00497159,0.0792614,0.0271307,0.0414773,0.0214489),('6',1.01282,2.12821,0.675214,2.35897,1.2265,0.628205,0.253846,0.346154,0.5),('60',0.454642,0.023159,0.421558,0.305229,0.0390608,0.0450374,0.0782284,0.186766,0.101281),('61',8.34154,4.48276,4.49918,1.19376,2.13465,0.622332,1.20854,0.970443,0.694581),('62',0.766332,0.701005,0.630653,0.218593,0.0306533,0.0429648,0.0326633,0.0713568,0.023392),('63',8.83333,6.5,0.847619,0.47619,0.397619,1.09524,0.411905,0.428571,0.504762),('64',3.5493,4.01408,2.56338,1.23521,3.1831,0.557746,0.587324,0.509859,0.312676),('65',0,0.0675862,0.00393793,0.0317241,0.374483,0.0758621,0.0252414,0.00751724,0.177241),('66',15.3465,3.33663,1.65347,1.37624,7.10891,1.23762,1.38614,0.622772,1.50495),('67',1.74138,0.0162931,0.82931,0.443103,0.0551724,0.010431,0.117241,0.189655,0.0392241),('68',1.49655,4.86897,0.765517,1.52414,3.68276,1.82759,0.355172,0.493103,1.47586),('69',0.310078,0.29845,0.263566,0.218992,0.0127519,0.0550388,0.0273256,0.0633721,0.0360465),('7',5.82781,5.5894,7.33775,4.35762,1.64238,0.655629,0.78543,1.68212,1.07285),('70',2.25225,4.44144,2.42342,0.76036,2.26126,0.855856,0.669369,0.592793,0.463964),('71',5.61905,4.60317,2.50476,0.831746,0.113651,1.12381,0.666667,0.434921,0.425397),('72',4.47972,2.99824,2.18695,1.97531,1.10582,1.02646,0.679012,0.578483,0.693122),('73',9.26174,6.00671,3.36913,5.21477,4.46309,1.27517,1.87919,1.00671,1.36913),('74',1.58333,2.59259,1.87037,1.38889,1.55556,0.656482,0.613889,0.419444,0.434259),('75',0.0648794,0.00855228,0.0257641,0.0000806971,0.00300268,0.0191957,0.0289544,0.000689008,0.00159786),('76',0.220106,0.183069,0.13545,0.0920635,0.000410582,0.0506878,0.0227513,0.0240212,0.0242328),('77',1.08343,0.917759,0.384982,0.325387,0.414779,0.252682,0.184744,0.141836,0.200238),('78',7.55556,2.12963,1.68519,0.611111,0.631481,0.301852,0.287037,0.497222,0.260185),('79',0.124627,0.35,0.126119,0.0843284,0.00843284,0.108209,0.0556716,0.0331343,0.0346269),('8',7.34314,9.45098,3.7549,1.14706,0.152941,1.40196,0.17549,0.883333,0.313726),('80',2.4712,2.27225,1.40314,0.899476,0.903665,0.695288,0.767539,0.389529,0.696335),('81',2.28364,1.68,1.50909,1.61091,0.567273,0.317455,0.418182,0.325091,0.44),('82',4.48399,3.55516,4.41281,3.98577,1.17438,0.569395,1.28826,0.690391,0.843416),('83',1.75956,0.36612,0.86776,0.754098,0.640437,0.0686339,0.189071,0.208743,0.107322),('84',5.7554,9.71223,3.45324,1.43165,0.143885,1.88489,0.892086,0.726619,0.841727),('85',0.510638,1.48085,0.512766,0.285106,0.0523404,0.188723,0.082766,0.086383,0.0608511),('86',0.165939,0.0060262,0.134061,0.0655022,0.0362445,0.0171616,0.0283406,0.0361135,0.0112227),('87',2.67148,2.82792,1.08544,0.76414,0.517449,0.423586,0.277978,0.377858,0.306859),('88',0.388618,0.343089,0.242276,0.286992,0.014878,0.0621951,0.0443902,0.0894309,0.0326016),('89',1.05825,2.82524,0.645631,0.58835,0.103883,0.494175,0.100971,0.180583,0.0951456),('9',60.2787,11.3589,16.1324,3.72822,7.90941,1.65505,3.40767,2.76307,2.82927),('90',2.10856,5.55324,2.48434,2.10856,0.386221,1.10438,0.780793,0.507307,0.676409),('91',2.19169,5.47344,1.27714,2.6097,3.0485,1.66744,0.799076,0.616628,1.1224),('92',1.09929,0.380615,0.849882,0.864066,0.0154846,0.0761229,0.0711584,0.187943,0.01513),('93',0.0263651,0.0190328,0.0184087,0.00010234,0.00176287,0.0340094,0.023869,0.00223089,0.00216849),('94',4.72727,5.98182,2.68182,2.60909,3.11818,0.963636,0.807273,0.7,0.487273),('95',9.26164,7.25522,6.24398,2.76083,3.72392,2.48796,0.94382,0.386838,0.908507),('96',3.88693,5.5477,0.772085,0.35159,0.0268551,0.5053,0.148587,0.305654,0.156007);
/*!40000 ALTER TABLE `metabolitos` ENABLE KEYS */;
UNLOCK TABLES;

--
-- Table structure for table `metabolitos_riesgo`
--

DROP TABLE IF EXISTS `metabolitos_riesgo`;
/*!40101 SET @saved_cs_client     = @@character_set_client */;
/*!50503 SET character_set_client = utf8mb4 */;
CREATE TABLE `metabolitos_riesgo` (
  `idpaciente` varchar(45) NOT NULL,
  `3HC_O_Gluc` varchar(45) DEFAULT NULL,
  `Cotinine_N_Gluc` varchar(45) DEFAULT NULL,
  `3HC` varchar(45) DEFAULT NULL,
  `Cotinine` varchar(45) DEFAULT NULL,
  `Nicotine` varchar(45) DEFAULT NULL,
  `Nicotine_N_Gluc` varchar(45) DEFAULT NULL,
  `4HPBA` varchar(45) DEFAULT NULL,
  `Cotinine_oxide` varchar(45) DEFAULT NULL,
  `Nicotine_N_oxide` varchar(45) DEFAULT NULL,
  PRIMARY KEY (`idpaciente`),
  UNIQUE KEY `idpaciente_UNIQUE` (`idpaciente`),
  CONSTRAINT `idpaciente_metabolitos_riesgo` FOREIGN KEY (`idpaciente`) REFERENCES `metabolitos` (`idpaciente`)
) ENGINE=InnoDB DEFAULT CHARSET=utf8mb4 COLLATE=utf8mb4_0900_ai_ci;
/*!40101 SET character_set_client = @saved_cs_client */;

--
-- Dumping data for table `metabolitos_riesgo`
--

LOCK TABLES `metabolitos_riesgo` WRITE;
/*!40000 ALTER TABLE `metabolitos_riesgo` DISABLE KEYS */;
INSERT INTO `metabolitos_riesgo` VALUES ('1','Alto','Alto','Alto','Alto','Bajo','Alto','Medio','Alto','Medio'),('10','Medio','Alto','Medio','Bajo','Bajo','Bajo','Bajo','Medio','Bajo'),('11','Alto','Alto','Alto','Alto','Alto','Alto','Alto','Alto','Alto'),('114611673768381724295','Medio','Medio','Bajo','Bajo','Bajo','Bajo','Bajo','Bajo','Bajo'),('12','Alto','Alto','Alto','Alto','Alto','Alto','Alto','Alto','Alto'),('13','Medio','Alto','Alto','Medio','Bajo','Alto','Medio','Alto','Alto'),('14','Alto','Alto','Alto','Alto','Alto','Alto','Alto','Alto','Alto'),('15','Bajo','Bajo','Bajo','Bajo','Bajo','Bajo','Bajo','Bajo','Bajo'),('16','Alto','Alto','Alto','Alto','Alto','Alto','Alto','Alto','Alto'),('17','Bajo','Bajo','Bajo','Bajo','Bajo','Bajo','Bajo','Bajo','Bajo'),('18','Alto','Alto','Alto','Alto','Alto','Alto','Alto','Alto','Alto'),('19','Alto','Alto','Alto','Alto','Alto','Alto','Alto','Alto','Alto'),('2','Alto','Alto','Alto','Alto','Alto','Alto','Alto','Alto','Alto'),('20','Bajo','Bajo','Bajo','Bajo','Bajo','Bajo','Bajo','Bajo','Bajo'),('21','Bajo','Bajo','Bajo','Bajo','Bajo','Bajo','Bajo','Bajo','Bajo'),('22','Bajo','Bajo','Medio','Bajo','Bajo','Bajo','Bajo','Medio','Bajo'),('23','Alto','Alto','Alto','Alto','Alto','Alto','Alto','Alto','Alto'),('24','Alto','Alto','Alto','Alto','Bajo','Alto','Medio','Alto','Medio'),('25','Medio','Bajo','Medio','Alto','Bajo','Bajo','Medio','Medio','Medio'),('26','Medio','Alto','Medio','Bajo','Bajo','Medio','Bajo','Bajo','Bajo'),('27','Medio','Bajo','Medio','Bajo','Bajo','Bajo','Medio','Bajo','Medio'),('28','Alto','Bajo','Alto','Medio','Bajo','Bajo','Medio','Medio','Medio'),('29','Medio','Bajo','Alto','Alto','Bajo','Bajo','Alto','Alto','Alto'),('3','Alto','Alto','Alto','Alto','Alto','Alto','Alto','Alto','Medio'),('30','Alto','Medio','Alto','Medio','Bajo','Bajo','Alto','Medio','Medio'),('31','Bajo','Bajo','Bajo','Alto','Bajo','Medio','Bajo','Bajo','Medio'),('32','Alto','Bajo','Alto','Alto','Bajo','Bajo','Medio','Alto','Medio'),('33','Bajo','Bajo','Bajo','Bajo','Bajo','Bajo','Bajo','Bajo','Bajo'),('34','Bajo','Bajo','Bajo','Bajo','Bajo','Bajo','Bajo','Bajo','Bajo'),('35','Bajo','Bajo','Bajo','Bajo','Bajo','Bajo','Bajo','Bajo','Bajo'),('36','Medio','Bajo','Medio','Bajo','Bajo','Bajo','Bajo','Bajo','Bajo'),('37','Medio','Medio','Bajo','Medio','Bajo','Bajo','Medio','Bajo','Medio'),('38','Alto','Bajo','Alto','Alto','Bajo','Bajo','Alto','Alto','Alto'),('39','Medio','Bajo','Medio','Medio','Bajo','Bajo','Medio','Medio','Medio'),('4','Alto','Alto','Alto','Alto','Alto','Alto','Alto','Alto','Alto'),('40','Bajo','Bajo','Bajo','Bajo','Bajo','Bajo','Bajo','Bajo','Bajo'),('41','Bajo','Bajo','Bajo','Bajo','Bajo','Bajo','Bajo','Bajo','Bajo'),('42','Medio','Alto','Medio','Alto','Alto','Alto','Alto','Medio','Alto'),('43','Medio','Bajo','Medio','Medio','Bajo','Medio','Alto','Medio','Alto'),('44','Alto','Bajo','Medio','Medio','Medio','Bajo','Alto','Alto','Alto'),('45','Medio','Medio','Medio','Bajo','Bajo','Medio','Medio','Medio','Medio'),('46','Bajo','Bajo','Bajo','Bajo','Bajo','Bajo','Bajo','Bajo','Bajo'),('47','Alto','Alto','Alto','Medio','Alto','Alto','Alto','Alto','Alto'),('48','Medio','Bajo','Medio','Medio','Medio','Medio','Medio','Medio','Medio'),('49','Bajo','Alto','Bajo','Alto','Alto','Alto','Alto','Alto','Alto'),('5','Alto','Alto','Alto','Alto','Bajo','Alto','Alto','Alto','Medio'),('50','Bajo','Medio','Bajo','Bajo','Bajo','Bajo','Bajo','Bajo','Bajo'),('51','Bajo','Bajo','Bajo','Medio','Alto','Medio','Medio','Bajo','Alto'),('52','Medio','Bajo','Bajo','Alto','Alto','Medio','Medio','Medio','Alto'),('53','Bajo','Bajo','Bajo','Bajo','Bajo','Bajo','Bajo','Bajo','Bajo'),('54','Bajo','Bajo','Bajo','Bajo','Bajo','Medio','Bajo','Bajo','Bajo'),('55','Alto','Alto','Alto','Alto','Alto','Alto','Alto','Alto','Alto'),('56','Alto','Alto','Alto','Alto','Bajo','Medio','Alto','Medio','Medio'),('57','Medio','Bajo','Medio','Bajo','Medio','Bajo','Medio','Medio','Medio'),('58','Bajo','Alto','Medio','Medio','Alto','Alto','Alto','Medio','Alto'),('59','Bajo','Bajo','Bajo','Bajo','Bajo','Bajo','Bajo','Bajo','Bajo'),('6','Bajo','Medio','Bajo','Alto','Alto','Alto','Medio','Medio','Alto'),('60','Bajo','Bajo','Bajo','Bajo','Bajo','Bajo','Bajo','Bajo','Bajo'),('61','Alto','Alto','Alto','Medio','Alto','Alto','Alto','Alto','Alto'),('62','Bajo','Bajo','Bajo','Bajo','Bajo','Bajo','Bajo','Bajo','Bajo'),('63','Alto','Alto','Medio','Bajo','Bajo','Alto','Alto','Medio','Alto'),('64','Alto','Alto','Alto','Alto','Alto','Alto','Alto','Alto','Medio'),('65','Bajo','Bajo','Bajo','Bajo','Bajo','Bajo','Bajo','Bajo','Medio'),('66','Alto','Alto','Medio','Alto','Alto','Alto','Alto','Alto','Alto'),('67','Medio','Bajo','Medio','Bajo','Bajo','Bajo','Bajo','Bajo','Bajo'),('68','Medio','Alto','Bajo','Alto','Alto','Alto','Medio','Alto','Alto'),('69','Bajo','Bajo','Bajo','Bajo','Bajo','Bajo','Bajo','Bajo','Bajo'),('7','Alto','Alto','Alto','Alto','Alto','Alto','Alto','Alto','Alto'),('70','Medio','Alto','Alto','Medio','Alto','Alto','Alto','Alto','Alto'),('71','Alto','Alto','Alto','Medio','Bajo','Alto','Alto','Alto','Medio'),('72','Alto','Alto','Alto','Alto','Alto','Alto','Alto','Alto','Alto'),('73','Alto','Alto','Alto','Alto','Alto','Alto','Alto','Alto','Alto'),('74','Medio','Alto','Alto','Alto','Alto','Alto','Alto','Medio','Medio'),('75','Bajo','Bajo','Bajo','Bajo','Bajo','Bajo','Bajo','Bajo','Bajo'),('76','Bajo','Bajo','Bajo','Bajo','Bajo','Bajo','Bajo','Bajo','Bajo'),('77','Bajo','Bajo','Bajo','Bajo','Bajo','Medio','Medio','Bajo','Medio'),('78','Alto','Medio','Alto','Bajo','Medio','Medio','Medio','Alto','Medio'),('79','Bajo','Bajo','Bajo','Bajo','Bajo','Bajo','Bajo','Bajo','Bajo'),('8','Alto','Alto','Alto','Medio','Bajo','Alto','Medio','Alto','Medio'),('80','Medio','Medio','Medio','Medio','Alto','Alto','Alto','Medio','Alto'),('81','Medio','Medio','Medio','Alto','Medio','Medio','Alto','Medio','Medio'),('82','Alto','Alto','Alto','Alto','Alto','Alto','Alto','Alto','Alto'),('83','Medio','Bajo','Medio','Medio','Medio','Bajo','Medio','Medio','Bajo'),('84','Alto','Alto','Alto','Alto','Bajo','Alto','Alto','Alto','Alto'),('85','Bajo','Medio','Bajo','Bajo','Bajo','Bajo','Bajo','Bajo','Bajo'),('86','Bajo','Bajo','Bajo','Bajo','Bajo','Bajo','Bajo','Bajo','Bajo'),('87','Medio','Alto','Medio','Medio','Bajo','Medio','Medio','Medio','Medio'),('88','Bajo','Bajo','Bajo','Bajo','Bajo','Bajo','Bajo','Bajo','Bajo'),('89','Bajo','Alto','Bajo','Bajo','Bajo','Alto','Bajo','Bajo','Bajo'),('9','Alto','Alto','Alto','Alto','Alto','Alto','Alto','Alto','Alto'),('90','Medio','Alto','Alto','Alto','Bajo','Alto','Alto','Alto','Alto'),('91','Medio','Alto','Medio','Alto','Alto','Alto','Alto','Alto','Alto'),('92','Bajo','Bajo','Medio','Medio','Bajo','Bajo','Bajo','Bajo','Bajo'),('93','Bajo','Bajo','Bajo','Bajo','Bajo','Bajo','Bajo','Bajo','Bajo'),('94','Alto','Alto','Alto','Alto','Alto','Alto','Alto','Alto','Alto'),('95','Alto','Alto','Alto','Alto','Alto','Alto','Alto','Medio','Alto'),('96','Alto','Alto','Bajo','Bajo','Bajo','Alto','Bajo','Medio','Medio');
/*!40000 ALTER TABLE `metabolitos_riesgo` ENABLE KEYS */;
UNLOCK TABLES;

--
-- Table structure for table `paciente`
--

DROP TABLE IF EXISTS `paciente`;
/*!40101 SET @saved_cs_client     = @@character_set_client */;
/*!50503 SET character_set_client = utf8mb4 */;
CREATE TABLE `paciente` (
  `idpaciente` varchar(45) NOT NULL,
  `edad` int NOT NULL,
  `edadFumador` int NOT NULL,
  `genero` varchar(1) NOT NULL,
  `cigarrillosDia` int NOT NULL,
  `cigarrillosDia_riesgo` varchar(45) DEFAULT NULL,
  PRIMARY KEY (`idpaciente`),
  UNIQUE KEY `idpaciente_UNIQUE` (`idpaciente`)
) ENGINE=InnoDB DEFAULT CHARSET=utf8mb4 COLLATE=utf8mb4_0900_ai_ci;
/*!40101 SET character_set_client = @saved_cs_client */;

--
-- Dumping data for table `paciente`
--

LOCK TABLES `paciente` WRITE;
/*!40000 ALTER TABLE `paciente` DISABLE KEYS */;
INSERT INTO `paciente` VALUES ('1',0,0,'2',11,'Medio'),('10',9,9,'2',7,'Medio'),('102662243596486368475',3,2,'M',1,NULL),('108220895108372622378',64,64,'M',64,'Alto'),('108734174590722974762',53,53,'M',55,'Alto'),('11',10,10,'1',9,'Medio'),('114611673768381724295',42,42,'F',42,'Alto'),('117682244230891525629',25,25,'F',25,'Alto'),('12',11,11,'2',9,'Medio'),('13',12,12,'2',8,'Medio'),('14',13,13,'2',19,'Alto'),('15',14,14,'2',3,'Bajo'),('16',15,15,'2',17,'Alto'),('17',16,16,'2',3,'Bajo'),('18',17,17,'2',21,'Alto'),('19',18,18,'2',17,'Alto'),('2',1,1,'2',16,'Alto'),('20',19,19,'1',3,'Bajo'),('21',20,20,'1',3,'Bajo'),('22',21,21,'2',6,'Medio'),('23',22,22,'1',6,'Medio'),('24',23,23,'1',3,'Bajo'),('25',24,24,'2',3,'Bajo'),('26',25,25,'2',5,'Medio'),('27',26,26,'2',5,'Medio'),('28',27,27,'2',4,'Bajo'),('29',28,28,'2',4,'Bajo'),('3',2,2,'2',12,'Alto'),('30',29,29,'2',3,'Bajo'),('31',30,30,'2',3,'Bajo'),('32',31,31,'2',0,'Bajo'),('33',32,32,'2',5,'Medio'),('34',33,33,'2',2,'Bajo'),('35',34,34,'2',6,'Medio'),('36',35,35,'2',6,'Medio'),('37',36,36,'2',1,'Bajo'),('38',37,37,'2',1,'Bajo'),('39',38,38,'2',5,'Medio'),('4',3,3,'2',17,'Alto'),('40',39,39,'2',8,'Medio'),('41',40,40,'2',7,'Medio'),('42',41,41,'2',13,'Alto'),('43',42,42,'2',0,'Bajo'),('44',43,43,'2',0,'Bajo'),('45',44,44,'2',5,'Medio'),('46',45,45,'2',7,'Medio'),('47',46,46,'1',14,'Alto'),('48',47,47,'1',4,'Bajo'),('49',48,48,'2',6,'Medio'),('5',4,4,'2',13,'Alto'),('50',49,49,'1',1,'Bajo'),('51',50,50,'1',7,'Medio'),('52',51,51,'2',4,'Bajo'),('53',52,52,'1',2,'Bajo'),('54',53,53,'2',0,'Bajo'),('55',54,54,'2',0,'Bajo'),('56',55,55,'1',8,'Medio'),('57',56,56,'2',3,'Bajo'),('58',57,57,'1',5,'Medio'),('59',58,58,'1',1,'Bajo'),('6',5,5,'1',9,'Medio'),('60',59,59,'1',2,'Bajo'),('61',60,60,'2',9,'Medio'),('62',61,61,'1',0,'Bajo'),('63',62,62,'2',15,'Alto'),('64',63,63,'1',10,'Medio'),('65',64,64,'1',0,'Bajo'),('66',65,65,'2',0,'Bajo'),('67',66,66,'1',0,'Bajo'),('68',67,67,'2',0,'Bajo'),('69',68,68,'1',2,'Bajo'),('7',6,6,'1',7,'Medio'),('70',69,69,'2',0,'Bajo'),('71',70,70,'2',7,'Medio'),('72',71,71,'2',0,'Bajo'),('73',72,72,'2',13,'Alto'),('74',73,73,'1',1,'Bajo'),('75',74,74,'2',0,'Bajo'),('76',75,75,'2',1,'Bajo'),('77',76,76,'2',4,'Bajo'),('78',77,77,'2',9,'Medio'),('79',78,78,'2',3,'Bajo'),('8',7,7,'2',5,'Medio'),('80',79,79,'2',0,'Bajo'),('81',80,80,'2',0,'Bajo'),('82',81,81,'1',18,'Alto'),('83',82,82,'2',3,'Bajo'),('84',83,83,'1',2,'Bajo'),('85',84,84,'1',6,'Medio'),('86',85,85,'2',12,'Alto'),('87',86,86,'2',3,'Bajo'),('88',87,87,'2',3,'Bajo'),('89',88,88,'2',0,'Bajo'),('9',8,8,'2',0,'Bajo'),('90',89,89,'2',7,'Medio'),('91',90,90,'2',5,'Medio'),('92',91,91,'1',1,'Bajo'),('93',92,92,'1',8,'Medio'),('94',93,93,'2',9,'Medio'),('95',94,94,'2',9,'Medio'),('96',95,95,'2',13,'Alto');
/*!40000 ALTER TABLE `paciente` ENABLE KEYS */;
UNLOCK TABLES;

--
-- Table structure for table `paciente_avanzado`
--

DROP TABLE IF EXISTS `paciente_avanzado`;
/*!40101 SET @saved_cs_client     = @@character_set_client */;
/*!50503 SET character_set_client = utf8mb4 */;
CREATE TABLE `paciente_avanzado` (
  `idpaciente` varchar(45) NOT NULL,
  PRIMARY KEY (`idpaciente`),
  UNIQUE KEY `idpaciente_UNIQUE` (`idpaciente`),
  CONSTRAINT `paciente_avanzado` FOREIGN KEY (`idpaciente`) REFERENCES `paciente` (`idpaciente`) ON DELETE CASCADE ON UPDATE CASCADE
) ENGINE=InnoDB DEFAULT CHARSET=utf8mb4 COLLATE=utf8mb4_0900_ai_ci;
/*!40101 SET character_set_client = @saved_cs_client */;

--
-- Dumping data for table `paciente_avanzado`
--

LOCK TABLES `paciente_avanzado` WRITE;
/*!40000 ALTER TABLE `paciente_avanzado` DISABLE KEYS */;
INSERT INTO `paciente_avanzado` VALUES ('1'),('10'),('102662243596486368475'),('108220895108372622378'),('108734174590722974762'),('11'),('114611673768381724295'),('117682244230891525629'),('12'),('13'),('14'),('15'),('16'),('17'),('18'),('19'),('2'),('20'),('21'),('22'),('23'),('24'),('25'),('26'),('27'),('28'),('29'),('3'),('30'),('31'),('32'),('33'),('34'),('35'),('36'),('37'),('38'),('39'),('4'),('40'),('41'),('42'),('43'),('44'),('45'),('46'),('47'),('48'),('49'),('5'),('50'),('51'),('52'),('53'),('54'),('55'),('56'),('57'),('58'),('59'),('6'),('60'),('61'),('62'),('63'),('64'),('65'),('66'),('67'),('68'),('69'),('7'),('70'),('71'),('72'),('73'),('74'),('75'),('76'),('77'),('78'),('79'),('8'),('80'),('81'),('82'),('83'),('84'),('85'),('86'),('87'),('88'),('89'),('9'),('90'),('91'),('92'),('93'),('94'),('95'),('96');
/*!40000 ALTER TABLE `paciente_avanzado` ENABLE KEYS */;
UNLOCK TABLES;

--
-- Table structure for table `paciente_basico`
--

DROP TABLE IF EXISTS `paciente_basico`;
/*!40101 SET @saved_cs_client     = @@character_set_client */;
/*!50503 SET character_set_client = utf8mb4 */;
CREATE TABLE `paciente_basico` (
  `idpaciente` varchar(45) NOT NULL,
  `puntos` int NOT NULL,
  `dependencia` varchar(45) NOT NULL,
  PRIMARY KEY (`idpaciente`),
  UNIQUE KEY `idpaciente_UNIQUE` (`idpaciente`),
  CONSTRAINT `paciente_basico` FOREIGN KEY (`idpaciente`) REFERENCES `paciente` (`idpaciente`)
) ENGINE=InnoDB DEFAULT CHARSET=utf8mb4 COLLATE=utf8mb4_0900_ai_ci;
/*!40101 SET character_set_client = @saved_cs_client */;

--
-- Dumping data for table `paciente_basico`
--

LOCK TABLES `paciente_basico` WRITE;
/*!40000 ALTER TABLE `paciente_basico` DISABLE KEYS */;
INSERT INTO `paciente_basico` VALUES ('108734174590722974762',5,'Media');
/*!40000 ALTER TABLE `paciente_basico` ENABLE KEYS */;
UNLOCK TABLES;

--
-- Table structure for table `variacion_genetica`
--

DROP TABLE IF EXISTS `variacion_genetica`;
/*!40101 SET @saved_cs_client     = @@character_set_client */;
/*!50503 SET character_set_client = utf8mb4 */;
CREATE TABLE `variacion_genetica` (
  `idpaciente` varchar(45) NOT NULL,
  `rs1800822` float DEFAULT NULL,
  `rs28363545` float DEFAULT NULL,
  `rs167771` float DEFAULT NULL,
  `rs2282511` float DEFAULT NULL,
  `rs3743078` float DEFAULT NULL,
  `rs578776` float DEFAULT NULL,
  `rs71581744` float DEFAULT NULL,
  `rs637137` float DEFAULT NULL,
  `rs503464` float DEFAULT NULL,
  `rs62380556` float DEFAULT NULL,
  `rs12459249` float DEFAULT NULL,
  `Chr5_63290337` float DEFAULT NULL,
  `rs17721739` float DEFAULT NULL,
  `rs985919` float DEFAULT NULL,
  `total` float DEFAULT NULL,
  `riesgo` varchar(45) DEFAULT NULL,
  PRIMARY KEY (`idpaciente`),
  UNIQUE KEY `idpaciente_UNIQUE` (`idpaciente`),
  CONSTRAINT `paciente_variacion_genetica` FOREIGN KEY (`idpaciente`) REFERENCES `paciente_avanzado` (`idpaciente`)
) ENGINE=InnoDB DEFAULT CHARSET=utf8mb4 COLLATE=utf8mb4_0900_ai_ci;
/*!40101 SET character_set_client = @saved_cs_client */;

--
-- Dumping data for table `variacion_genetica`
--

LOCK TABLES `variacion_genetica` WRITE;
/*!40000 ALTER TABLE `variacion_genetica` DISABLE KEYS */;
INSERT INTO `variacion_genetica` VALUES ('1',0.37,0.37,1,2.56,1,0.25,0.24,0.28,0.46,1,2.289,11.56,0.5,1,0.0358,'Medio'),('10',0.14,0.14,1,2.56,4.54,1,1,1,1,1,2.289,11.56,0.25,1,1.5069,'Alto'),('108220895108372622378',1,0.37,1,2.56,1,0.5,1,0.53,1,0,1,3.4,1,2.97,0,'Bajo'),('108734174590722974762',0.37,0.37,0.45,2.56,2.13,0.5,0.49,0.53,0.46,0,2.29,3.4,0.52,2.97,0,NULL),('11',1,1,1,1,2.13,0.5,0.49,0.53,0.46,1,2.289,11.56,0.5,1,1.6833,'Alto'),('114611673768381724295',1,1,0.2,2.56,4.54,0.5,0.49,0.53,0.46,0,2.29,3.4,0.52,2.97,0,'Bajo'),('117682244230891525629',1,1,0.45,1,2.13,1,0.49,0.53,0.21,1,1,3.4,0.52,2.97,0.274487,'Alto'),('12',0.14,0.14,1,2.56,2.13,0.5,0.49,0.53,0.46,1,2.289,3.4,0.25,1,0.0124,'Bajo'),('13',0.14,0.14,1,2.56,2.13,0.5,0.49,0.53,0.46,1,2.289,3.4,0.25,1,0.0124,'Bajo'),('14',0.14,0.14,1,2.56,2.13,0.5,0.49,0.53,0.46,1,5.22,11.56,0.25,1,0.0963,'Medio'),('15',0.14,0.14,0.45,1,1,0.25,0.24,0.28,0.46,1,2.289,11.56,0.5,1,0.0009,'Bajo'),('16',1,1,0.45,2.56,1,0.25,0.24,0.28,0.46,1,2.289,3.4,0.5,1,0.0346,'Medio'),('17',0.14,0.14,1,2.56,4.54,1,1,1,1,1,2.289,3.4,0.25,1,0.4432,'Alto'),('18',0.14,0.14,1,2.56,1,0.25,0.24,0.28,0.46,1,2.289,11.56,0.5,1,0.0051,'Bajo'),('19',0.14,0.14,1,2.56,4.54,1,1,1,1,1,2.289,11.56,0.25,1,1.5069,'Alto'),('2',1,1,1,2.56,4.54,1,1,1,1,1,5.22,11.56,0.25,1,175.333,'Alto'),('20',0.14,0.14,1,2.56,1,0.5,0.24,0.28,0.46,1,2.289,11.56,0.25,1,0.0051,'Bajo'),('21',1,1,0.45,1,2.13,0.5,0.49,0.53,0.46,1,2.289,11.56,0.25,1,0.3787,'Alto'),('22',0.14,0.14,0.45,1,1,0.25,0.24,0.28,0.46,1,2.289,11.56,0.25,1,0.0005,'Bajo'),('23',0.14,0.14,1,2.56,1,0.25,0.24,0.28,0.46,1,2.289,11.56,0.5,1,0.0051,'Bajo'),('24',0.14,0.14,1,2.56,4.54,1,1,1,1,1,2.289,11.56,0.5,1,3.0139,'Alto'),('25',0.14,0.14,1,2.56,2.13,0.5,0.49,0.53,0.46,1,2.289,3.4,0.25,1,0.0124,'Bajo'),('26',0.14,0.14,0.2,2.56,2.13,0.5,0.49,0.53,0.46,1,2.289,11.56,0.25,1,0.0084,'Bajo'),('27',0.14,0.14,1,2.56,4.54,1,1,1,1,1,2.289,11.56,0.25,1,1.5069,'Alto'),('28',0.37,0.37,0.45,2.56,1,0.25,0.24,0.28,0.46,1,2.289,11.56,0.25,1,0.0081,'Bajo'),('29',0.37,0.37,0.45,2.56,4.54,1,1,1,1,1,5.22,3.4,0.25,1,3.1769,'Alto'),('3',0.37,0.37,1,2.56,2.13,0.5,0.49,0.53,0.46,1,2.289,11.56,0.25,1,0.295,'Alto'),('30',0.14,0.14,1,1,1,0.25,0.24,0.28,0.46,1,2.289,11.56,0.25,1,0.001,'Bajo'),('31',0.14,0.14,1,1,2.13,0.5,0.49,0.53,0.46,1,2.289,11.56,0.25,1,0.0165,'Medio'),('32',0.37,0.37,0.45,2.56,2.13,0.5,0.49,0.53,0.46,1,2.289,11.56,0.25,1,0.1327,'Alto'),('33',0.14,0.14,0.45,2.56,2.13,0.5,0.49,0.53,0.46,1,2.289,11.56,0.5,1,0.038,'Medio'),('34',0.37,0.37,1,2.56,4.54,1,1,1,1,1,2.289,11.56,0.25,1,10.5255,'Alto'),('35',1,1,1,2.56,4.54,1,1,1,1,1,5.22,11.56,0.25,1,175.333,'Alto'),('36',0.14,0.14,1,1,4.54,1,1,1,1,1,2.289,11.56,0.25,1,0.5886,'Alto'),('37',0.37,0.37,0.45,2.56,1,0.25,0.24,0.28,0.46,1,2.289,3.4,0.25,1,0.0024,'Bajo'),('38',0.14,0.14,1,2.56,2.13,0.5,0.49,0.53,0.46,1,2.289,3.4,0.25,1,0.0124,'Bajo'),('39',0.14,0.14,1,1,1,0.25,0.24,0.28,0.46,1,2.289,11.56,0.25,1,0.001,'Bajo'),('4',0.14,0.14,0.45,2.56,4.54,1,0.49,0.53,0.46,1,2.289,11.56,0.25,1,0.081,'Medio'),('40',0.14,0.14,1,2.56,4.54,1,1,1,1,1,2.289,3.4,0.5,1,0.8864,'Alto'),('41',0.14,0.14,1,2.56,2.13,0.5,0.49,0.53,0.46,1,2.289,11.56,0.5,1,0.0845,'Medio'),('42',0.37,0.37,1,1,2.13,0.5,0.49,0.53,0.46,1,5.22,11.56,0.25,1,0.2628,'Alto'),('43',0.14,0.14,1,2.56,4.54,1,1,1,1,1,2.289,11.56,0.25,1,1.5069,'Alto'),('44',0.37,0.37,0.45,2.56,4.54,1,1,1,1,1,1,11.56,0.5,1,4.1385,'Alto'),('45',0.37,0.37,1,2.56,2.13,0.5,0.49,0.53,0.46,1,1,11.56,0.25,1,0.1289,'Alto'),('46',0.14,0.14,1,2.56,2.13,0.5,0.49,0.53,0.46,1,1,11.56,0.25,1,0.0184,'Medio'),('47',0.14,0.14,0.45,1,2.13,0.5,0.49,0.53,0.46,1,1,11.56,0.25,1,0.0032,'Bajo'),('48',0.37,0.37,0.2,2.56,2.13,0.5,0.49,0.53,0.46,1,1,3.4,0.25,1,0.0076,'Bajo'),('49',0.14,0.14,1,2.56,1,0.25,0.24,0.28,0.46,1,1,11.56,0.25,1,0.0011,'Bajo'),('5',0.14,0.14,1,1,4.54,1,1,1,1,1,2.289,11.56,0.25,1,0.5886,'Alto'),('50',0.14,0.14,1,1,1,0.25,0.24,0.28,0.46,1,1,11.56,0.25,1,0.0004,'Bajo'),('51',0.14,0.14,0.45,2.56,2.13,0.5,0.49,0.53,0.46,1,1,11.56,0.5,1,0.0166,'Medio'),('52',0.14,0.14,1,2.56,1,0.25,0.24,0.28,0.46,1,5.22,11.56,0.25,1,0.0058,'Bajo'),('53',0.37,0.37,1,1,2.13,0.5,0.49,0.53,0.46,1,1,11.56,0.5,1,0.1007,'Medio'),('54',0.14,0.14,1,2.56,1,0.25,0.24,0.28,0.46,1,1,3.4,0.25,1,0.0003,'Bajo'),('55',0.37,0.37,1,2.56,2.13,0.5,0.49,0.53,0.46,1,1,11.56,0.25,1,0.1289,'Alto'),('56',0.14,0.14,1,2.56,4.54,1,1,1,1,1,1,11.56,0.25,1,0.6583,'Alto'),('57',0.37,0.37,0.2,6.55,4.54,1,1,1,1,1,1,11.56,0.25,1,2.353,'Alto'),('58',0.14,0.14,0.45,6.55,1,0.25,0.24,0.28,0.46,1,1,11.56,0.25,1,0.0013,'Bajo'),('59',0.14,0.14,0.45,6.55,4.54,1,1,1,1,1,1,11.56,0.25,1,0.758,'Alto'),('6',0.37,0.37,0.2,2.56,1,0.25,0.24,0.53,0.46,1,5.22,3.4,0.5,1,0.0091,'Bajo'),('60',0.37,0.37,0.45,6.55,4.54,1,1,1,1,1,1,11.56,0.5,1,10.5887,'Alto'),('61',0.14,0.14,0.45,6.55,2.13,0.5,0.49,0.53,0.46,1,1,11.56,0.25,1,0.0212,'Medio'),('62',0.37,0.37,1,6.55,4.54,1,1,1,1,1,1,11.56,0.5,1,23.5304,'Alto'),('63',0.37,0.37,0.45,1,4.54,1,1,1,1,1,1,11.56,0.5,1,1.6166,'Alto'),('64',0.14,0.14,1,6.55,2.13,0.5,0.49,0.53,0.46,1,1,11.56,0.5,1,0.0944,'Medio'),('65',0.37,0.37,1,6.55,4.54,1,0.49,0.53,0.46,1,5.22,11.56,0.25,1,7.3367,'Alto'),('66',0.14,0.14,1,6.55,2.13,0.5,0.49,0.53,0.46,1,1,11.56,0.5,1,0.0944,'Medio'),('67',0.14,0.14,0.45,6.55,2.13,0.5,0.49,0.53,0.46,1,5.22,11.56,0.5,1,0.2218,'Alto'),('68',0.14,0.14,1,1,4.54,1,1,1,1,1,5.22,11.56,0.25,1,1.3424,'Alto'),('69',0.14,0.14,0.2,6.55,1,0.5,0.24,0.28,0.46,1,1,3.4,0.25,1,0.0003,'Bajo'),('7',0.14,0.14,0.45,1,2.13,0.5,0.49,0.28,0.46,1,2.289,11.56,0.25,1,0.0039,'Bajo'),('70',0.14,0.14,1,6.55,2.13,0.5,0.49,0.53,0.46,1,1,3.4,0.25,1,0.0139,'Bajo'),('71',0.14,0.14,0.45,6.55,2.13,0.5,0.49,0.28,0.46,1,1,11.56,0.5,1,0.0224,'Medio'),('72',0.14,0.14,0.45,6.55,2.13,0.5,0.49,0.53,0.46,1,1,11.56,0.25,1,0.0212,'Medio'),('73',0.37,0.37,1,1,2.13,0.5,0.49,0.53,0.46,1,1,11.56,0.25,1,0.0503,'Medio'),('74',0.14,0.14,0.45,1,2.13,0.5,0.49,0.53,0.46,1,1,11.56,0.25,1,0.0032,'Bajo'),('75',0.37,0.37,0.45,6.55,4.54,1,1,1,1,1,1,11.56,0.25,1,5.2943,'Alto'),('76',0.14,0.14,0.45,6.55,2.13,1,0.49,0.53,0.46,1,1,11.56,0.25,1,0.0425,'Medio'),('77',0.14,0.14,0.45,1,1,0.25,0.24,0.28,0.46,1,5.22,11.56,0.25,1,0.001,'Bajo'),('78',0.37,0.37,1,1,4.54,1,1,0.53,0.46,1,1,11.56,0.25,1,0.4379,'Alto'),('79',0.14,0.14,0.45,6.55,2.13,0.5,0.49,0.53,0.46,1,1,11.56,0.25,1,0.0212,'Medio'),('8',0.14,0.14,1,2.56,2.13,0.5,0.49,0.53,0.46,1,2.289,11.56,0.25,1,0.0422,'Medio'),('80',0.37,0.37,1,1,2.13,0.5,0.49,0.53,0.46,1,1,11.56,0.25,1,0.0503,'Medio'),('81',0.37,0.37,0.45,6.55,4.54,1,1,1,1,1,1,11.56,0.25,1,5.2943,'Alto'),('82',0.37,0.37,0.2,1,2.13,0.5,0.49,0.53,0.46,1,1,11.56,0.25,1,0.0101,'Bajo'),('83',0.37,0.37,1,6.55,4.54,1,0.49,0.53,0.46,1,1,3.4,0.25,1,0.4134,'Alto'),('84',0.37,0.37,1,6.55,2.13,0.5,0.49,0.53,0.46,1,1,11.56,0.25,1,0.3297,'Alto'),('85',0.14,0.14,1,6.55,1,0.25,0.24,0.28,0.46,1,1,11.56,0.25,1,0.0029,'Bajo'),('86',0.14,0.14,0.45,1,4.54,1,1,1,1,1,1,11.56,0.5,1,0.2314,'Alto'),('87',0.14,0.14,0.45,6.55,4.54,1,1,1,1,1,1,3.4,0.25,1,0.2229,'Alto'),('88',0.14,0.14,1,6.55,2.13,0.5,0.49,0.53,0.46,1,1,11.56,0.25,1,0.0472,'Medio'),('89',0.14,0.14,1,1,4.54,1,1,1,1,1,1,11.56,0.25,1,0.2572,'Alto'),('9',0.14,0.14,1,1,2.13,0.5,0.49,0.53,0.46,1,2.289,11.56,0.25,1,0.0165,'Medio'),('90',0.14,0.14,1,6.55,4.54,1,1,1,1,1,5.22,11.56,0.25,1,8.7927,'Alto'),('91',0.14,0.14,1,6.55,2.13,0.5,0.49,0.53,0.46,1,5.22,11.56,0.25,1,0.2464,'Alto'),('92',0.14,0.14,0.45,6.55,4.54,1,1,1,1,1,1,11.56,0.25,1,0.758,'Alto'),('93',0.14,0.14,1,6.55,2.13,0.5,0.49,0.53,0.46,1,1,11.56,0.25,1,0.0472,'Medio'),('94',0.37,0.37,0.2,6.55,2.13,0.5,0.49,0.53,0.46,1,1,11.56,0.25,1,0.0659,'Medio'),('95',0.37,0.37,1,6.55,4.54,1,1,1,1,1,5.22,1,1,1,21.2506,'Alto'),('96',0.14,0.14,0.45,6.55,2.13,0.5,0.49,0.53,0.46,1,1,1,0.25,1,0.0018,'Bajo');
/*!40000 ALTER TABLE `variacion_genetica` ENABLE KEYS */;
UNLOCK TABLES;

--
-- Table structure for table `variacion_genetica_diccionario`
--

DROP TABLE IF EXISTS `variacion_genetica_diccionario`;
/*!40101 SET @saved_cs_client     = @@character_set_client */;
/*!50503 SET character_set_client = utf8mb4 */;
CREATE TABLE `variacion_genetica_diccionario` (
  `idvariacion_genetica` int NOT NULL,
  `snp` varchar(45) NOT NULL,
  `odds_ratio` float NOT NULL,
  `wt` varchar(45) NOT NULL,
  `het` varchar(45) NOT NULL,
  `mut` varchar(45) NOT NULL,
  `wt_riesgo` float NOT NULL,
  `het_riesgo` float NOT NULL,
  `mut_riesgo` float NOT NULL,
  PRIMARY KEY (`idvariacion_genetica`)
) ENGINE=InnoDB DEFAULT CHARSET=utf8mb4 COLLATE=utf8mb4_0900_ai_ci;
/*!40101 SET character_set_client = @saved_cs_client */;

--
-- Dumping data for table `variacion_genetica_diccionario`
--

LOCK TABLES `variacion_genetica_diccionario` WRITE;
/*!40000 ALTER TABLE `variacion_genetica_diccionario` DISABLE KEYS */;
INSERT INTO `variacion_genetica_diccionario` VALUES (1,'rs1800822',0.37,'C/C','C/T','T/T',1,0.37,0.14),(2,'rs28363545',0.37,'T/T','C/T','C/C',1,0.37,0.14),(3,'rs167771',0.45,'G/G','G/A','A/A',1,0.45,0.2),(4,'rs2282511',2.56,'C/C','C/A','A/A',1,2.56,6.55),(5,'rs3743078',2.13,'C/C','C/G','G/G',1,2.13,4.54),(6,'rs578776',0.5,'G/G','G/A','A/A',1,0.5,0.25),(7,'rs71581744',0.49,'A/A','A/ACCCC','ACCCC/ACCCC',1,0.49,0.24),(8,'rs637137',0.53,'T/T','T/A','A/A',1,0.53,0.28),(9,'rs503464',0.46,'T/T','T/A','A/A',1,0.46,0.21),(10,'rs62380556',0,'A/A','A/G','G/G',1,0,0),(11,'rs12459249',2.286,'T/T','T/C','C/C',1,2.29,5.23),(12,'Chr5:63290337',3.4,'T/T','T/C','C/C',1,3.4,11.56),(13,'rs17721739',0.5227,'T/T','T/C','C/C',1,0.52,0.27),(14,'rs985919',2.971,'C/C','C/A','A/A',1,2.97,8.83);
/*!40000 ALTER TABLE `variacion_genetica_diccionario` ENABLE KEYS */;
UNLOCK TABLES;
/*!40103 SET TIME_ZONE=@OLD_TIME_ZONE */;

/*!40101 SET SQL_MODE=@OLD_SQL_MODE */;
/*!40014 SET FOREIGN_KEY_CHECKS=@OLD_FOREIGN_KEY_CHECKS */;
/*!40014 SET UNIQUE_CHECKS=@OLD_UNIQUE_CHECKS */;
/*!40101 SET CHARACTER_SET_CLIENT=@OLD_CHARACTER_SET_CLIENT */;
/*!40101 SET CHARACTER_SET_RESULTS=@OLD_CHARACTER_SET_RESULTS */;
/*!40101 SET COLLATION_CONNECTION=@OLD_COLLATION_CONNECTION */;
/*!40111 SET SQL_NOTES=@OLD_SQL_NOTES */;

-- Dump completed on 2022-03-05 16:13:19
